OBJECTID,CITY_NAME,acres,GIS_PRC_DT,EFFECTV_DT,Shape_Length,Shape_Area,instName,unitID,descriptn,instCode,codeRef,effDate,unitOwner,cSteward,SHAPE_Leng
1,Adair Village,275.681027137,10/24/2017,2017,11474.6183028627,2207059.9645722,Adair Village,ODOT,Incorporated City Limit Boundary,00275,FIPS,20170000,2409661,ODOT,26758.3442826
2,Adams,230.591316551,10/24/2017,2017,6266.17328677629,1916880.57455267,Adams,ODOT,Incorporated City Limit Boundary,00350,FIPS,20170000,2409662,ODOT,14345.5651259
3,Adrian,155.900900362,10/24/2017,2017,4436.14848221242,1209549.52995543,Adrian,ODOT,Incorporated City Limit Boundary,00500,FIPS,20170000,2409664,ODOT,10511.2760711
4,Albany,11334.5001477,10/24/2017,2017,113007.075777382,90608479.0866299,Albany,ODOT,Incorporated City Limit Boundary,01000,FIPS,20170000,2409675,ODOT,263740.550273
5,Amity,402.796063812,10/24/2017,2017,12190.2677159838,3274056.74433656,Amity,ODOT,Incorporated City Limit Boundary,02000,FIPS,20170000,2409700,ODOT,28212.9614803
6,Antelope,295.10312568,10/24/2017,2017,6208.82004662061,2382009.01674941,Antelope,ODOT,Incorporated City Limit Boundary,02250,FIPS,20170000,2409714,ODOT,14420.9018718
7,Arlington,2132.83919082,10/24/2017,2017,28783.042349955,17701327.3368548,Arlington,ODOT,Incorporated City Limit Boundary,02800,FIPS,20170000,2409730,ODOT,65916.4914148
8,Ashland,4197.5446622,10/24/2017,2017,52286.0754730452,30939915.9818744,Ashland,ODOT,Incorporated City Limit Boundary,03050,FIPS,20170000,2409740,ODOT,127093.730368
9,Astoria,6525.34159516,10/24/2017,2017,44121.8317578831,55045411.6406454,Astoria,ODOT,Incorporated City Limit Boundary,03150,FIPS,20170000,2409744,ODOT,100303.561529
10,Athena,344.363095335,10/24/2017,2017,15568.8432626517,2867330.90892752,Athena,ODOT,Incorporated City Limit Boundary,03200,FIPS,20170000,2409746,ODOT,35598.1643238
11,Aumsville,704.248089748,10/24/2017,2017,16886.9322530469,5671907.68461507,Aumsville,ODOT,Incorporated City Limit Boundary,03250,FIPS,20170000,2409756,ODOT,39284.8442156
12,Aurora,311.634828795,10/24/2017,2017,11156.3486490534,2542912.06996455,Aurora,ODOT,Incorporated City Limit Boundary,03300,FIPS,20170000,2409758,ODOT,25771.4608782
13,Baker City,4614.45612451,10/24/2017,2017,28757.972335622,37073763.6158665,Baker City,ODOT,Incorporated City Limit Boundary,03650,FIPS,20170000,2409773,ODOT,66960.9999978
14,Bandon,2042.24119919,10/24/2017,2017,30972.9654200694,15517336.4611644,Bandon,ODOT,Incorporated City Limit Boundary,03800,FIPS,20170000,2409782,ODOT,74160.3091524
15,Banks,477.932106061,10/24/2017,2017,13525.3838205116,3952214.02757352,Banks,ODOT,Incorporated City Limit Boundary,03850,FIPS,20170000,2409784,ODOT,31038.5895805
16,Barlow,33.0940175892,10/24/2017,2017,3499.56682775084,270268.29592757,Barlow,ODOT,Incorporated City Limit Boundary,04000,FIPS,20170000,2409787,ODOT,8086.3228632
17,Bay City,1254.54044219,10/24/2017,2017,17615.9521863237,10340648.0240032,Bay City,ODOT,Incorporated City Limit Boundary,04800,FIPS,20170000,2409797,ODOT,40498.977244
18,Beaverton,12569.9655125,10/24/2017,2017,216744.393715632,103455152.161756,Beaverton,ODOT,Incorporated City Limit Boundary,05350,FIPS,20170000,2409808,ODOT,498533.316159
19,Bend,21344.5152471,10/24/2017,2017,92010.3586352187,167363847.021083,Bend,ODOT,Incorporated City Limit Boundary,05800,FIPS,20170000,2409832,ODOT,216821.653213
20,Boardman,2584.07807291,10/24/2017,2017,33084.5038693401,21534150.7565007,Boardman,ODOT,Incorporated City Limit Boundary,07200,FIPS,20170000,2409873,ODOT,75652.7083122
21,Bonanza,524.086591868,10/24/2017,2017,9794.66223085209,3864234.07795484,Bonanza,ODOT,Incorporated City Limit Boundary,07300,FIPS,20170000,2411707,ODOT,23811.3634986
22,Brookings,2684.57124097,10/24/2017,2017,58210.5418637844,19709977.6227146,Brookings,ODOT,Incorporated City Limit Boundary,08650,FIPS,20170000,2409916,ODOT,141763.692699
23,Brownsville,856.975191463,10/24/2017,2017,16344.2006599924,6796251.61473071,Brownsville,ODOT,Incorporated City Limit Boundary,09050,FIPS,20170000,2409923,ODOT,38304.4670658
24,Burns,2277.71609619,10/24/2017,2017,18053.1656144051,17581634.8363077,Burns,ODOT,Incorporated City Limit Boundary,09800,FIPS,20170000,2409949,ODOT,42889.2783244
25,Butte Falls,246.357572323,10/24/2017,2017,6572.85153409587,1836895.25301145,Butte Falls,ODOT,Incorporated City Limit Boundary,10050,FIPS,20170000,2411750,ODOT,15886.9311686
26,Canby,2866.52001703,10/24/2017,2017,44011.0450440219,23420297.01815,Canby,ODOT,Incorporated City Limit Boundary,10750,FIPS,20170000,2409974,ODOT,101603.544728
27,Cannon Beach,968.304478251,10/24/2017,2017,28207.077352578,8083446.37179437,Cannon Beach,ODOT,Incorporated City Limit Boundary,10850,FIPS,20170000,2409975,ODOT,64400.8563124
28,Canyon City,891.314616477,10/24/2017,2017,13586.2349239057,7068800.1059254,Canyon City,ODOT,Incorporated City Limit Boundary,10950,FIPS,20170000,2413162,ODOT,31836.977916
29,Canyonville,665.779752473,10/24/2017,2017,21440.3235351799,5027642.47818343,Canyonville,ODOT,Incorporated City Limit Boundary,11000,FIPS,20170000,2409980,ODOT,51487.3075795
30,Carlton,566.695477715,10/24/2017,2017,11009.4781943528,4634711.60825712,Carlton,ODOT,Incorporated City Limit Boundary,11150,FIPS,20170000,2409986,ODOT,25413.3770255
31,Cascade Locks,1904.15470577,10/24/2017,2017,23347.2038623218,15779430.9543173,Cascade Locks,ODOT,Incorporated City Limit Boundary,11600,FIPS,20170000,2409403,ODOT,53540.0249728
32,Cave Junction,1133.74343671,10/24/2017,2017,39028.5774874059,8350399.54047806,Cave Junction,ODOT,Incorporated City Limit Boundary,11850,FIPS,20170000,2409414,ODOT,94917.0563252
33,Central Point,2458.01866114,10/24/2017,2017,55454.7996979683,18228330.3205354,Central Point,ODOT,Incorporated City Limit Boundary,12400,FIPS,20170000,2409428,ODOT,134403.080337
34,Chiloquin,486.912256539,10/24/2017,2017,15015.503934464,3634582.09370406,Chiloquin,ODOT,Incorporated City Limit Boundary,13050,FIPS,20170000,2409451,ODOT,36254.0676051
35,Clatskanie,795.393665299,10/24/2017,2017,26998.6279577759,6690213.58027597,Clatskanie,ODOT,Incorporated City Limit Boundary,13750,FIPS,20170000,2409472,ODOT,61431.6499947
36,Coburg,647.118838636,10/24/2017,2017,17420.9630435647,5088332.92657737,Coburg,ODOT,Incorporated City Limit Boundary,14400,FIPS,20170000,2409497,ODOT,40989.7126862
37,Columbia City,790.045469854,10/24/2017,2017,13202.171826549,6596935.46796069,Columbia City,ODOT,Incorporated City Limit Boundary,14750,FIPS,20170000,2410201,ODOT,30144.9786159
38,Condon,512.649639737,10/24/2017,2017,9344.46442090361,4184357.63992293,Condon,ODOT,Incorporated City Limit Boundary,15000,FIPS,20170000,2410215,ODOT,21587.384077
39,Coos Bay,10307.6831305,10/24/2017,2017,70629.5253332663,79011714.1087603,Coos Bay,ODOT,Incorporated City Limit Boundary,15250,FIPS,20170000,2410223,ODOT,168352.256694
40,Coquille,1744.29283016,10/24/2017,2017,44021.1387357822,13282689.6632479,Coquille,ODOT,Incorporated City Limit Boundary,15350,FIPS,20170000,2410226,ODOT,105283.662817
41,Cornelius,1452.88621969,10/24/2017,2017,25471.8649250423,11974703.1288724,Cornelius,ODOT,Incorporated City Limit Boundary,15550,FIPS,20170000,2410230,ODOT,58560.4430438
42,Corvallis,9141.34308947,10/24/2017,2017,105912.225785082,72932869.4586752,Corvallis,ODOT,Incorporated City Limit Boundary,15800,FIPS,20170000,2410237,ODOT,247486.94476
43,Cottage Grove,2448.34110316,10/24/2017,2017,39412.1388503467,19030595.5539103,Cottage Grove,ODOT,Incorporated City Limit Boundary,15950,FIPS,20170000,2410241,ODOT,93322.2501821
44,Cove,513.710385895,10/24/2017,2017,9928.45044952869,4201650.18842973,Cove,ODOT,Incorporated City Limit Boundary,16250,FIPS,20170000,2410249,ODOT,22906.4149355
45,Creswell,1103.79385572,10/24/2017,2017,33826.6791941583,8615713.01398949,Creswell,ODOT,Incorporated City Limit Boundary,16950,FIPS,20170000,2410264,ODOT,79893.0528222
46,Culver,441.247089126,10/24/2017,2017,12240.9888152534,3514906.97117948,Culver,ODOT,Incorporated City Limit Boundary,17300,FIPS,20170000,2410275,ODOT,28623.6068919
47,Dallas,3112.0606064,10/24/2017,2017,41928.3477908397,25129148.0211753,Dallas,ODOT,Incorporated City Limit Boundary,17700,FIPS,20170000,2410287,ODOT,97409.668625
48,Dayton,532.007554867,10/24/2017,2017,14325.0388653102,4339844.64990015,Dayton,ODOT,Incorporated City Limit Boundary,18250,FIPS,20170000,2410299,ODOT,33107.1719702
49,Dayville,307.511540362,10/24/2017,2017,8969.2440985561,2444900.61895217,Dayville,ODOT,Incorporated City Limit Boundary,18300,FIPS,20170000,2412411,ODOT,21000.6759453
50,Depoe Bay,1135.37932245,10/24/2017,2017,23297.9961691433,9132641.71070608,Depoe Bay,ODOT,Incorporated City Limit Boundary,18850,FIPS,20170000,2410325,ODOT,54193.4014422
51,Detroit,612.02979325,10/24/2017,2017,10072.9644427629,4910345.84741071,Detroit,ODOT,Incorporated City Limit Boundary,19100,FIPS,20170000,2410330,ODOT,23475.4221015
52,Donald,179.991382572,10/24/2017,2017,7320.7347643436,1468424.1173981,Donald,ODOT,Incorporated City Limit Boundary,20100,FIPS,20170000,2410344,ODOT,16917.4600828
53,Drain,397.587420971,10/24/2017,2017,14399.9481269336,3076587.99222221,Drain,ODOT,Incorporated City Limit Boundary,20500,FIPS,20170000,2410354,ODOT,34160.4607028
54,Dufur,373.686697557,10/24/2017,2017,8217.23469264633,3072931.56185225,Dufur,ODOT,Incorporated City Limit Boundary,20900,FIPS,20170000,2410366,ODOT,18914.4603744
55,Dundee,883.856081194,10/24/2017,2017,16364.2848297028,7223978.71586195,Dundee,ODOT,Incorporated City Limit Boundary,21050,FIPS,20170000,2410370,ODOT,37793.277389
56,Dunes City,2205.55162706,10/24/2017,2017,40420.69713034,17207914.1248115,Dunes City,ODOT,Incorporated City Limit Boundary,21150,FIPS,20170000,2410371,ODOT,95496.6719693
57,Durham,260.716312595,10/24/2017,2017,9157.58549246563,2139609.18308251,Durham,ODOT,Incorporated City Limit Boundary,21250,FIPS,20170000,2410376,ODOT,21095.4487913
58,Eagle Point,1883.01454449,10/24/2017,2017,24963.2729709401,14005986.4745833,Eagle Point,ODOT,Incorporated City Limit Boundary,21550,FIPS,20170000,2410382,ODOT,60408.2599592
59,Echo,368.185437862,10/24/2017,2017,7837.86229518333,3058211.77044862,Echo,ODOT,Incorporated City Limit Boundary,22200,FIPS,20170000,2410394,ODOT,17952.9883202
60,Elgin,621.247707714,10/24/2017,2017,12208.2813045406,5128352.97468056,Elgin,ODOT,Incorporated City Limit Boundary,22550,FIPS,20170000,2410422,ODOT,28046.9085247
61,Elkton,129.571144347,10/24/2017,2017,6053.00090173954,1001797.41356407,Elkton,ODOT,Incorporated City Limit Boundary,22800,FIPS,20170000,2410429,ODOT,14367.5626857
62,Enterprise,955.114838159,10/24/2017,2017,16065.7118631884,7846776.60755929,Enterprise,ODOT,Incorporated City Limit Boundary,23500,FIPS,20170000,2410445,ODOT,36994.410367
63,Estacada,1443.70478963,10/24/2017,2017,42831.9068520881,11809026.6508866,Estacada,ODOT,Incorporated City Limit Boundary,23800,FIPS,20170000,2410457,ODOT,98820.7450622
64,Eugene,28204.0937519,10/24/2017,2017,374832.329539105,221149966.797749,Eugene,ODOT,Incorporated City Limit Boundary,23850,FIPS,20170000,2410460,ODOT,883053.693825
65,Fairview,2258.16888383,10/24/2017,2017,29960.381689698,18629731.3515432,Fairview,ODOT,Incorporated City Limit Boundary,24250,FIPS,20170000,2410478,ODOT,68859.0120665
66,Falls City,768.619301241,10/24/2017,2017,11976.8160735,6194263.62627325,Falls City,ODOT,Incorporated City Limit Boundary,24550,FIPS,20170000,2410482,ODOT,27843.6537917
67,Florence,3777.33116476,10/24/2017,2017,45076.324143896,29554104.5833089,Florence,ODOT,Incorporated City Limit Boundary,26050,FIPS,20170000,2410511,ODOT,106300.566159
68,Forest Grove,3828.38719936,10/24/2017,2017,38419.3960426506,31559520.5523734,Forest Grove,ODOT,Incorporated City Limit Boundary,26200,FIPS,20170000,2410518,ODOT,88322.5601719
69,Fossil,501.333424513,10/24/2017,2017,8120.02339898561,4058659.4772186,Fossil,ODOT,Incorporated City Limit Boundary,26650,FIPS,20170000,2410533,ODOT,18839.3792298
70,Garibaldi,875.584376934,10/24/2017,2017,12794.9714720372,7226927.2136247,Garibaldi,ODOT,Incorporated City Limit Boundary,28000,FIPS,20170000,2410571,ODOT,29407.6482117
71,Gaston,221.176131253,10/24/2017,2017,7447.10046211973,1817648.42816078,Gaston,ODOT,Incorporated City Limit Boundary,28100,FIPS,20170000,2410575,ODOT,17150.7681656
72,Gates,405.611291496,10/24/2017,2017,9078.91538481009,3256700.33860766,Gates,ODOT,Incorporated City Limit Boundary,28200,FIPS,20170000,2410576,ODOT,21161.9017975
73,Gearhart,1172.87971328,10/24/2017,2017,18264.4213597221,9839573.42012223,Gearhart,ODOT,Incorporated City Limit Boundary,28450,FIPS,20170000,2410578,ODOT,41600.6181108
74,Gervais,250.086722237,10/24/2017,2017,8447.08839148481,2032262.78505737,Gervais,ODOT,Incorporated City Limit Boundary,28650,FIPS,20170000,2410585,ODOT,19558.3714919
75,Gladstone,1592.74569581,10/24/2017,2017,28538.0002813976,13067461.5687836,Gladstone,ODOT,Incorporated City Limit Boundary,29000,FIPS,20170000,2410593,ODOT,65767.8264685
76,Glendale,251.681102765,10/24/2017,2017,7731.56533724593,1888719.18845236,Glendale,ODOT,Incorporated City Limit Boundary,29350,FIPS,20170000,2410599,ODOT,18630.2894849
77,Gold Beach,1699.88073489,10/24/2017,2017,34929.7770284168,12614021.3137906,Gold Beach,ODOT,Incorporated City Limit Boundary,29900,FIPS,20170000,2410609,ODOT,84599.2263813
78,Gold Hill,462.813473691,10/24/2017,2017,13238.3079217408,3438819.76506698,Gold Hill,ODOT,Incorporated City Limit Boundary,29950,FIPS,20170000,2410610,ODOT,32065.769438
79,Granite,242.631569692,10/24/2017,2017,5717.18704817017,1951720.62556695,Granite,ODOT,Incorporated City Limit Boundary,30500,FIPS,20170000,2410642,ODOT,13308.7341395
80,Grants Pass,7480.4762794,10/24/2017,2017,96675.3904349134,55577616.3650213,Grants Pass,ODOT,Incorporated City Limit Boundary,30550,FIPS,20170000,2410647,ODOT,234099.725315
81,Grass Valley,326.390250916,10/24/2017,2017,7115.77991671198,2675315.92482501,Grass Valley,ODOT,Incorporated City Limit Boundary,30650,FIPS,20170000,2410652,ODOT,16395.9869754
82,Greenhorn,55.3252345086,10/24/2017,2017,4578.16925069711,443498.305911144,Greenhorn,ODOT,Incorporated City Limit Boundary,31050,FIPS,20170000,2410658,ODOT,10664.3247841
83,Gresham,15063.5615978,10/24/2017,2017,82086.6315265503,124082545.638072,Gresham,ODOT,Incorporated City Limit Boundary,31250,FIPS,20170000,2410663,ODOT,188781.007392
84,Haines,483.723477019,10/24/2017,2017,7992.49990248625,3904630.03963954,Haines,ODOT,Incorporated City Limit Boundary,31600,FIPS,20170000,2410683,ODOT,18562.3403883
85,Halfway,239.041760612,10/24/2017,2017,10415.9170624131,1927294.10776526,Halfway,ODOT,Incorporated City Limit Boundary,31650,FIPS,20170000,2410686,ODOT,24217.4552552
86,Halsey,361.449066853,10/24/2017,2017,9475.8299388971,2865564.61520535,Halsey,ODOT,Incorporated City Limit Boundary,31750,FIPS,20170000,2410690,ODOT,22212.2828162
87,Happy Valley,7049.49881599,10/24/2017,2017,202858.046492515,57936530.1700299,Happy Valley,ODOT,Incorporated City Limit Boundary,32050,FIPS,20170000,2410698,ODOT,467157.422922
88,Harrisburg,922.401471563,10/24/2017,2017,17250.1530414655,7285413.94226608,Harrisburg,ODOT,Incorporated City Limit Boundary,32550,FIPS,20170000,2410707,ODOT,40497.2983422
89,Helix,81.4966131447,10/24/2017,2017,4074.9081561145,679463.773181942,Helix,ODOT,Incorporated City Limit Boundary,33250,FIPS,20170000,2410735,ODOT,9318.51142265
90,Heppner,786.257650885,10/24/2017,2017,15178.1157906114,6443763.81234925,Heppner,ODOT,Incorporated City Limit Boundary,33550,FIPS,20170000,2410745,ODOT,34989.2693819
91,Hermiston,5137.4301291,10/24/2017,2017,110283.201381029,42804666.8169293,Hermiston,ODOT,Incorporated City Limit Boundary,33700,FIPS,20170000,2410748,ODOT,252161.285212
92,Hillsboro,16218.8669392,10/24/2017,2017,117362.426292443,133712894.959273,Hillsboro,ODOT,Incorporated City Limit Boundary,34100,FIPS,20170000,2410765,ODOT,269835.978978
93,Hines,1354.06060688,10/24/2017,2017,24897.4130077944,10441112.865975,Hines,ODOT,Incorporated City Limit Boundary,34250,FIPS,20170000,2410768,ODOT,59172.1015444
94,Hood River,2171.87966019,10/24/2017,2017,35257.5756193595,18018646.4145882,Hood River,ODOT,Incorporated City Limit Boundary,34900,FIPS,20170000,2410787,ODOT,80809.3227151
95,Hubbard,452.341128128,10/24/2017,2017,11193.0567437911,3685178.0091823,Hubbard,ODOT,Incorporated City Limit Boundary,35450,FIPS,20170000,2410798,ODOT,25880.4531761
96,Huntington,470.069771139,10/24/2017,2017,7805.66200943895,3722588.63417251,Huntington,ODOT,Incorporated City Limit Boundary,35700,FIPS,20170000,2410808,ODOT,18311.204484
97,Idanha,539.021233708,10/24/2017,2017,18359.8921440051,4320039.01938873,Idanha,ODOT,Incorporated City Limit Boundary,35800,FIPS,20170000,2410094,ODOT,42828.273152
98,Imbler,138.049122906,10/24/2017,2017,6288.14031026017,1135570.89696984,Imbler,ODOT,Incorporated City Limit Boundary,36050,FIPS,20170000,2410096,ODOT,14461.497238
99,Independence,1902.25140616,10/24/2017,2017,28975.8453542005,15325154.7444245,Independence,ODOT,Incorporated City Limit Boundary,36150,FIPS,20170000,2410099,ODOT,67377.7808023
100,Ione,434.25184027,10/24/2017,2017,10389.7599502913,3577121.01311678,Ione,ODOT,Incorporated City Limit Boundary,36400,FIPS,20170000,2410111,ODOT,23897.9236646
101,Irrigon,1032.74648557,10/24/2017,2017,19462.4940256611,8623793.58131685,Irrigon,ODOT,Incorporated City Limit Boundary,36500,FIPS,20170000,2410115,ODOT,44447.9726686
102,Island City,653.231332265,10/24/2017,2017,16337.209826152,5350100.87513051,Island City,ODOT,Incorporated City Limit Boundary,36750,FIPS,20170000,2410120,ODOT,37667.3663098
103,Jacksonville,1210.74741523,10/24/2017,2017,18579.1846025049,8960002.29570436,Jacksonville,ODOT,Incorporated City Limit Boundary,37000,FIPS,20170000,2410129,ODOT,45082.2996091
104,Jefferson,511.747302367,10/24/2017,2017,11856.2640309089,4103395.76019366,Jefferson,ODOT,Incorporated City Limit Boundary,37250,FIPS,20170000,2410137,ODOT,27630.6258757
105,John Day,1585.02883062,10/24/2017,2017,37194.3013321151,12581303.4578494,John Day,ODOT,Incorporated City Limit Boundary,37550,FIPS,20170000,2410144,ODOT,87164.4552167
106,Johnson City,43.3560622478,10/24/2017,2017,2751.60427957472,355932.233336221,Johnson City,ODOT,Incorporated City Limit Boundary,37650,FIPS,20170000,2410145,ODOT,6337.61947223
107,Jordan Valley,1327.20712304,10/24/2017,2017,13236.0809813009,10039536.7560578,Jordan Valley,ODOT,Incorporated City Limit Boundary,37850,FIPS,20170000,2410149,ODOT,31772.0672257
108,Joseph,574.191460048,10/24/2017,2017,16714.3150883996,4705428.1361084,Joseph,ODOT,Incorporated City Limit Boundary,37900,FIPS,20170000,2410150,ODOT,38539.3358947
109,Junction City,2128.14666783,10/24/2017,2017,60955.1676455,16771398.7638315,Junction City,ODOT,Incorporated City Limit Boundary,38000,FIPS,20170000,2410157,ODOT,143251.554557
110,Keizer,4646.3091925,10/24/2017,2017,35616.9959085307,37621533.8339833,Keizer,ODOT,Incorporated City Limit Boundary,38500,FIPS,20170000,2410171,ODOT,82590.1939418
111,King City,501.595738165,10/24/2017,2017,14331.8357193938,4117371.48691693,King City,ODOT,Incorporated City Limit Boundary,39150,FIPS,20170000,2411545,ODOT,33007.709186
112,Klamath Falls,13184.7611674,10/24/2017,2017,187672.258306317,97277266.812742,Klamath Falls,ODOT,Incorporated City Limit Boundary,39700,FIPS,20170000,2411554,ODOT,456056.128534
113,La Grande,2945.64040039,10/24/2017,2017,49400.7403327044,24115352.2268079,La Grande,ODOT,Incorporated City Limit Boundary,40350,FIPS,20170000,2411568,ODOT,113941.299247
114,La Pine,4469.00068786,10/24/2017,2017,33167.7257272626,34609902.8039398,La Pine,ODOT,Incorporated City Limit Boundary,41050,FIPS,20170000,2411579,ODOT,78653.5587847
115,Lafayette,558.914031451,10/24/2017,2017,9942.09562830479,4563488.40893667,Lafayette,ODOT,Incorporated City Limit Boundary,40300,FIPS,20170000,2411593,ODOT,22966.1989039
116,Lake Oswego,7308.18293008,10/24/2017,2017,119102.516494046,60013904.3001393,Lake Oswego,ODOT,Incorporated City Limit Boundary,40550,FIPS,20170000,2411606,ODOT,274308.220014
117,Lakeside,1432.44330228,10/24/2017,2017,21083.5438790973,11053837.609984,Lakeside,ODOT,Incorporated City Limit Boundary,40650,FIPS,20170000,2411611,ODOT,50081.1887216
118,Lakeview,1568.28517416,10/24/2017,2017,34870.3241214961,11560077.8074351,Lakeview,ODOT,Incorporated City Limit Boundary,40700,FIPS,20170000,2412870,ODOT,84736.4266391
119,Lebanon,4423.24600813,10/24/2017,2017,125101.28907283,35244897.4068969,Lebanon,ODOT,Incorporated City Limit Boundary,41650,FIPS,20170000,2410815,ODOT,292495.450193
120,Lexington,286.595213937,10/24/2017,2017,8468.52222660162,2356206.29728455,Lexington,ODOT,Incorporated City Limit Boundary,42200,FIPS,20170000,2412892,ODOT,19495.1996589
121,Lincoln City,3831.11661507,10/24/2017,2017,64078.5105387731,30991360.1978307,Lincoln City,ODOT,Incorporated City Limit Boundary,42600,FIPS,20170000,2410836,ODOT,148620.282883
122,Lonerock,656.847556898,10/24/2017,2017,9251.82616150925,5334207.72693653,Lonerock,ODOT,Incorporated City Limit Boundary,43400,FIPS,20170000,2410865,ODOT,21427.6360739
123,Long Creek,646.053200581,10/24/2017,2017,9106.58200554158,5179766.58166115,Long Creek,ODOT,Incorporated City Limit Boundary,43550,FIPS,20170000,2410868,ODOT,21226.4656293
124,Lostine,183.195119021,10/24/2017,2017,7128.40527944057,1508213.56055928,Lostine,ODOT,Incorporated City Limit Boundary,43900,FIPS,20170000,2410882,ODOT,16397.8274815
125,Lowell,727.38817028,10/24/2017,2017,11122.0046059529,5677638.72097737,Lowell,ODOT,Incorporated City Limit Boundary,44050,FIPS,20170000,2410889,ODOT,26273.8583112
126,Lyons,560.415905201,10/24/2017,2017,16551.7744964309,4502967.48358833,Lyons,ODOT,Incorporated City Limit Boundary,44300,FIPS,20170000,2410902,ODOT,38548.1558254
127,Madras,3831.3823227,10/24/2017,2017,83812.5306450854,30644650.9032797,Madras,ODOT,Incorporated City Limit Boundary,45250,FIPS,20170000,2410909,ODOT,195592.510073
128,Malin,320.039338127,10/24/2017,2017,8315.31088083167,2345398.2034157,Malin,ODOT,Incorporated City Limit Boundary,45400,FIPS,20170000,2410914,ODOT,20270.7874982
129,Manzanita,526.955691804,10/24/2017,2017,11694.2575090375,4372967.70090873,Manzanita,ODOT,Incorporated City Limit Boundary,45700,FIPS,20170000,2411027,ODOT,26778.0504058
130,Maupin,923.079555175,10/24/2017,2017,18770.4281945525,7517977.24735102,Maupin,ODOT,Incorporated City Limit Boundary,46500,FIPS,20170000,2411052,ODOT,43425.721134
131,Maywood Park,107.475552469,10/24/2017,2017,5263.41425750561,886839.243776835,Maywood Park,ODOT,Incorporated City Limit Boundary,46700,FIPS,20170000,2411055,ODOT,12089.733615
132,McMinnville,6745.35190529,10/24/2017,2017,82166.1939657365,55008738.938686,McMinnville,ODOT,Incorporated City Limit Boundary,45000,FIPS,20170000,2411065,ODOT,189941.465488
133,Medford,16476.6231643,10/24/2017,2017,144656.216758503,122031084.868072,Medford,ODOT,Incorporated City Limit Boundary,47000,FIPS,20170000,2411069,ODOT,350812.570355
134,Merrill,281.012415419,10/24/2017,2017,7225.48728880197,2060235.86783633,Merrill,ODOT,Incorporated City Limit Boundary,47700,FIPS,20170000,2411085,ODOT,17622.8007893
135,Metolius,305.563550014,10/24/2017,2017,10865.2587997478,2439381.61731506,Metolius,ODOT,Incorporated City Limit Boundary,47750,FIPS,20170000,2411091,ODOT,25382.9443567
136,Mill City,551.218745738,10/24/2017,2017,16329.5832462089,4425172.13509614,Mill City,ODOT,Incorporated City Limit Boundary,48150,FIPS,20170000,2411107,ODOT,38053.555446
137,Millersburg,2896.77705411,10/24/2017,2017,33851.5433785562,23196983.9100352,Millersburg,ODOT,Incorporated City Limit Boundary,48300,FIPS,20170000,2411111,ODOT,78898.7738409
138,Milton-Freewater,1250.73058427,10/24/2017,2017,25859.9865546905,10458224.3156449,Milton-Freewater,ODOT,Incorporated City Limit Boundary,48600,FIPS,20170000,2411115,ODOT,59010.3466779
139,Milwaukie,3247.42020563,10/24/2017,2017,62394.0097459166,26696691.5239635,Milwaukie,ODOT,Incorporated City Limit Boundary,48650,FIPS,20170000,2411116,ODOT,143632.104138
140,Mitchell,817.420850245,10/24/2017,2017,10272.6619084354,6521767.82458818,Mitchell,ODOT,Incorporated City Limit Boundary,49150,FIPS,20170000,2411126,ODOT,23998.698513
141,Molalla,1507.21142376,10/24/2017,2017,42116.5871450781,12265730.5814725,Molalla,ODOT,Incorporated City Limit Boundary,49450,FIPS,20170000,2411131,ODOT,97436.7517323
142,Monmouth,1431.41203373,10/24/2017,2017,25284.0038261323,11530032.9933705,Monmouth,ODOT,Incorporated City Limit Boundary,49550,FIPS,20170000,2411134,ODOT,58788.5086921
143,Monroe,304.28305812,10/24/2017,2017,10026.3918798365,2406945.21419472,Monroe,ODOT,Incorporated City Limit Boundary,49600,FIPS,20170000,2411135,ODOT,23528.7279488
144,Monument,335.535222383,10/24/2017,2017,7362.94534009061,2700024.09247041,Monument,ODOT,Incorporated City Limit Boundary,49750,FIPS,20170000,2411152,ODOT,17135.8818798
145,Moro,315.092316976,10/24/2017,2017,7876.4303681942,2593842.38333872,Moro,ODOT,Incorporated City Limit Boundary,50000,FIPS,20170000,2411166,ODOT,18114.9086233
146,Mosier,402.079367969,10/24/2017,2017,7867.0013163251,3333002.74164352,Mosier,ODOT,Incorporated City Limit Boundary,50050,FIPS,20170000,2411174,ODOT,18034.8417059
147,Mt. Angel,676.658354452,10/24/2017,2017,15493.7061999109,5491438.25615221,Mt. Angel,ODOT,Incorporated City Limit Boundary,50150,FIPS,20170000,2411176,ODOT,35891.259747
148,Mt. Vernon,441.874456374,10/24/2017,2017,8986.51598883619,3507216.91478571,Mt. Vernon,ODOT,Incorporated City Limit Boundary,50250,FIPS,20170000,2411182,ODOT,21034.437567
149,Myrtle Creek,1587.93779409,10/24/2017,2017,51675.3769926938,12029072.0794132,Myrtle Creek,ODOT,Incorporated City Limit Boundary,50950,FIPS,20170000,2411204,ODOT,123911.764148
150,Myrtle Point,1020.44381056,10/24/2017,2017,17913.8578909952,7740122.8840877,Myrtle Point,ODOT,Incorporated City Limit Boundary,51050,FIPS,20170000,2411205,ODOT,42928.2119004
151,Nehalem,189.197821392,10/24/2017,2017,10662.9585414694,1570215.90389789,Nehalem,ODOT,Incorporated City Limit Boundary,51700,FIPS,20170000,2411222,ODOT,24415.863594
152,Newberg,3742.70462884,10/24/2017,2017,57051.6061856896,30622974.2374539,Newberg,ODOT,Incorporated City Limit Boundary,52100,FIPS,20170000,2411240,ODOT,131644.102967
153,Newport,7009.81517074,10/24/2017,2017,119737.473563349,56029701.1886721,Newport,ODOT,Incorporated City Limit Boundary,52450,FIPS,20170000,2411248,ODOT,279437.057456
154,North Bend,3254.84186751,10/24/2017,2017,25494.6252206275,24972727.7200502,North Bend,ODOT,Incorporated City Limit Boundary,53000,FIPS,20170000,2411269,ODOT,60734.8039608
155,North Plains,678.37090924,10/24/2017,2017,17141.6569862979,5606327.1602378,North Plains,ODOT,Incorporated City Limit Boundary,53150,FIPS,20170000,2411276,ODOT,39362.3019187
156,North Powder,400.079701494,10/24/2017,2017,9379.34545666864,3242481.00459372,North Powder,ODOT,Incorporated City Limit Boundary,53300,FIPS,20170000,2411277,ODOT,21747.6818907
157,Nyssa,990.974786329,10/24/2017,2017,17805.9934921814,7723889.87202175,Nyssa,ODOT,Incorporated City Limit Boundary,53750,FIPS,20170000,2411286,ODOT,42088.3897841
158,Oakland,472.123169103,10/24/2017,2017,12561.6869493826,3624337.15113043,Oakland,ODOT,Incorporated City Limit Boundary,54000,FIPS,20170000,2411293,ODOT,29923.8303029
159,Oakridge,1332.58884842,10/24/2017,2017,28945.865597856,10340402.9945792,Oakridge,ODOT,Incorporated City Limit Boundary,54100,FIPS,20170000,2411297,ODOT,68592.1409519
160,Ontario,3694.19530412,10/24/2017,2017,77178.1628211047,28935915.8437289,Ontario,ODOT,Incorporated City Limit Boundary,54900,FIPS,20170000,2411324,ODOT,181967.030984
161,Oregon City,6467.65583987,10/24/2017,2017,77069.4146095498,52981117.8862402,Oregon City,ODOT,Incorporated City Limit Boundary,55200,FIPS,20170000,2411332,ODOT,177741.343243
162,Paisley,274.083950997,10/24/2017,2017,7359.53852155101,2053767.04104048,Paisley,ODOT,Incorporated City Limit Boundary,56250,FIPS,20170000,2411353,ODOT,17757.2199542
163,Pendleton,7407.2392679,10/24/2017,2017,86242.4687820872,61382546.6008165,Pendleton,ODOT,Incorporated City Limit Boundary,57150,FIPS,20170000,2411399,ODOT,197754.213791
164,Philomath,1338.89467081,10/24/2017,2017,34995.6292545629,10672249.1825375,Philomath,ODOT,Incorporated City Limit Boundary,57450,FIPS,20170000,2411413,ODOT,81802.0721247
165,Phoenix,876.247040128,10/24/2017,2017,26752.2677343723,6476509.6582853,Phoenix,ODOT,Incorporated City Limit Boundary,57500,FIPS,20170000,2411415,ODOT,64938.1292571
166,Pilot Rock,946.820821503,10/24/2017,2017,34491.0830719206,7797506.9681236,Pilot Rock,ODOT,Incorporated City Limit Boundary,57650,FIPS,20170000,2411422,ODOT,79300.4989682
167,Port Orford,1029.96424303,10/24/2017,2017,23294.6158846076,7732221.82546212,Port Orford,ODOT,Incorporated City Limit Boundary,59250,FIPS,20170000,2411467,ODOT,56107.1071533
168,Portland,92863.1750605,10/24/2017,2017,275470.703995785,765860980.044219,Portland,ODOT,Incorporated City Limit Boundary,59000,FIPS,20170000,2411471,ODOT,633227.363072
169,Powers,418.816631136,10/24/2017,2017,11350.7183896469,3158350.65758178,Powers,ODOT,Incorporated City Limit Boundary,59600,FIPS,20170000,2411482,ODOT,27265.2015818
170,Prairie City,614.894989854,10/24/2017,2017,11406.1480932092,4887827.47405561,Prairie City,ODOT,Incorporated City Limit Boundary,59650,FIPS,20170000,2411484,ODOT,26685.2127416
171,Prescott,48.1118397513,10/24/2017,2017,3375.35550976262,403896.63616441,Prescott,ODOT,Incorporated City Limit Boundary,59750,FIPS,20170000,2411488,ODOT,7683.90494941
172,Prineville,7729.47748121,10/24/2017,2017,110739.385024797,61104931.2464726,Prineville,ODOT,Incorporated City Limit Boundary,59850,FIPS,20170000,2411494,ODOT,259928.097726
173,Rainier,3245.28964108,10/24/2017,2017,48505.9731874018,27268313.3960688,Rainier,ODOT,Incorporated City Limit Boundary,60850,FIPS,20170000,2411511,ODOT,110443.231076
174,Redmond,10496.9510959,10/24/2017,2017,59728.5052904053,82884950.4184704,Redmond,ODOT,Incorporated City Limit Boundary,61200,FIPS,20170000,2411533,ODOT,140271.753001
175,Reedsport,1432.19519593,10/24/2017,2017,27636.5237776459,11095781.1115129,Reedsport,ODOT,Incorporated City Limit Boundary,61300,FIPS,20170000,2410921,ODOT,65547.6157902
176,Richland,63.7956883755,10/24/2017,2017,5755.25674755053,512438.481139676,Richland,ODOT,Incorporated City Limit Boundary,61700,FIPS,20170000,2410936,ODOT,13405.1155526
177,Riddle,393.868532797,10/24/2017,2017,12016.7971366106,2976897.92982104,Riddle,ODOT,Incorporated City Limit Boundary,61850,FIPS,20170000,2410943,ODOT,28841.0707096
178,Rivergrove,116.798367086,10/24/2017,2017,9256.04705399962,954689.228189882,Rivergrove,ODOT,Incorporated City Limit Boundary,62250,FIPS,20170000,2410964,ODOT,21344.8256095
179,Rockaway Beach,993.592826705,10/24/2017,2017,23657.7381947683,8216951.73229795,Rockaway Beach,ODOT,Incorporated City Limit Boundary,62900,FIPS,20170000,2410977,ODOT,54243.0028515
180,Rogue River,611.177916606,10/24/2017,2017,18861.4065797519,4541177.78088906,Rogue River,ODOT,Incorporated City Limit Boundary,63450,FIPS,20170000,2410984,ODOT,45660.6683363
181,Roseburg,6990.80985919,10/24/2017,2017,90403.7594943124,53310398.0172064,Roseburg,ODOT,Incorporated City Limit Boundary,63650,FIPS,20170000,2410997,ODOT,216008.947546
182,Rufus,892.495319592,10/24/2017,2017,12154.7128585768,7399281.45359065,Rufus,ODOT,Incorporated City Limit Boundary,64200,FIPS,20170000,2411013,ODOT,27874.4230174
183,Salem,31428.0463452,10/24/2017,2017,241482.396964088,253782660.217366,Salem,ODOT,Incorporated City Limit Boundary,64900,FIPS,20170000,2411764,ODOT,560737.727113
184,Sandy,2157.4354883,10/24/2017,2017,50823.3790153412,17707970.2222163,Sandy,ODOT,Incorporated City Limit Boundary,65250,FIPS,20170000,2411809,ODOT,117083.092807
185,Scappoose,2102.49187526,10/24/2017,2017,45056.1890376541,17472742.5157275,Scappoose,ODOT,Incorporated City Limit Boundary,65500,FIPS,20170000,2411837,ODOT,103143.06594
186,Scio,263.361069048,10/24/2017,2017,11292.4232696462,2110858.50004144,Scio,ODOT,Incorporated City Limit Boundary,65650,FIPS,20170000,2411840,ODOT,26330.7574558
187,Scotts Mills,234.752269784,10/24/2017,2017,6206.41026680301,1903288.86551588,Scotts Mills,ODOT,Incorporated City Limit Boundary,65800,FIPS,20170000,2411843,ODOT,14385.7323038
188,Seaside,2559.27798316,10/24/2017,2017,61556.1157632346,21440277.3527508,Seaside,ODOT,Incorporated City Limit Boundary,65950,FIPS,20170000,2411854,ODOT,140325.41828
189,Seneca,521.528854829,10/24/2017,2017,8969.30818518148,4100235.77095781,Seneca,ODOT,Incorporated City Limit Boundary,66200,FIPS,20170000,2411867,ODOT,21112.7127227
190,Shady Cove,1297.96204902,10/24/2017,2017,24059.3656558761,9700071.38628568,Shady Cove,ODOT,Incorporated City Limit Boundary,66550,FIPS,20170000,2411872,ODOT,58076.1315875
191,Shaniko,318.212131402,10/24/2017,2017,6806.25098041774,2576653.88219256,Shaniko,ODOT,Incorporated City Limit Boundary,66700,FIPS,20170000,2411876,ODOT,15777.5762739
192,Sheridan,1260.23484147,10/24/2017,2017,30081.5349268886,10236574.1405967,Sheridan,ODOT,Incorporated City Limit Boundary,67050,FIPS,20170000,2411886,ODOT,69664.962519
193,Sherwood,2869.46934049,10/24/2017,2017,31915.8571318932,23520325.3108626,Sherwood,ODOT,Incorporated City Limit Boundary,67100,FIPS,20170000,2411889,ODOT,73574.8569767
194,Siletz,403.942660796,10/24/2017,2017,9107.803962884,3239524.16154943,Siletz,ODOT,Incorporated City Limit Boundary,67500,FIPS,20170000,2411900,ODOT,21222.6585635
195,Silverton,2247.15098445,10/24/2017,2017,60256.5137474276,18195449.1322682,Silverton,ODOT,Incorporated City Limit Boundary,67650,FIPS,20170000,2411902,ODOT,139749.943466
196,Sisters,1224.78795985,10/24/2017,2017,24476.6244297157,9680446.55514896,Sisters,ODOT,Incorporated City Limit Boundary,67950,FIPS,20170000,2411907,ODOT,57486.1294006
197,Sodaville,194.1547846,10/24/2017,2017,5864.14946023205,1544491.70187996,Sodaville,ODOT,Incorporated City Limit Boundary,68550,FIPS,20170000,2411922,ODOT,13720.8519028
198,Spray,174.784087344,10/24/2017,2017,9514.95846483196,1407043.11718065,Spray,ODOT,Incorporated City Limit Boundary,69450,FIPS,20170000,2413318,ODOT,22132.2881163
199,Springfield,10181.0932819,10/24/2017,2017,176777.973034057,79823655.5439923,Springfield,ODOT,Incorporated City Limit Boundary,69600,FIPS,20170000,2411961,ODOT,416669.626779
200,St. Helens,3729.13538675,10/24/2017,2017,64517.3668554106,31097458.5642385,St. Helens,ODOT,Incorporated City Limit Boundary,64600,FIPS,20170000,2411759,ODOT,147419.530302
201,St. Paul,187.215936563,10/24/2017,2017,7123.51343510073,1526822.04011947,St. Paul,ODOT,Incorporated City Limit Boundary,64850,FIPS,20170000,2411763,ODOT,16465.8486198
202,Stanfield,994.75395402,10/24/2017,2017,27622.4841043581,8274379.49673425,Stanfield,ODOT,Incorporated City Limit Boundary,69900,FIPS,20170000,2411967,ODOT,63192.2989466
203,Stayton,1938.38694059,10/24/2017,2017,35474.8673076312,15588552.7619656,Stayton,ODOT,Incorporated City Limit Boundary,70200,FIPS,20170000,2411975,ODOT,82575.6091716
204,Sublimity,590.514318335,10/24/2017,2017,12455.2155559932,4753160.42752346,Sublimity,ODOT,Incorporated City Limit Boundary,70700,FIPS,20170000,2411991,ODOT,28975.0838344
205,Summerville,166.701552074,10/24/2017,2017,5082.89851100373,1372567.95407677,Summerville,ODOT,Incorporated City Limit Boundary,70850,FIPS,20170000,2413348,ODOT,11690.5151675
206,Sumpter,1395.60872524,10/24/2017,2017,13558.9639613303,11200728.1657127,Sumpter,ODOT,Incorporated City Limit Boundary,71000,FIPS,20170000,2412002,ODOT,31579.7381898
207,Sutherlin,4060.3638269,10/24/2017,2017,53778.524236421,31133947.4801434,Sutherlin,ODOT,Incorporated City Limit Boundary,71650,FIPS,20170000,2412018,ODOT,128202.284253
208,Sweet Home,3710.83044849,10/24/2017,2017,38867.9376143103,29438893.5540149,Sweet Home,ODOT,Incorporated City Limit Boundary,71950,FIPS,20170000,2412022,ODOT,91118.4569968
209,Talent,836.559946349,10/24/2017,2017,20242.9400174074,6176262.19441249,Talent,ODOT,Incorporated City Limit Boundary,72500,FIPS,20170000,2412031,ODOT,49176.0266495
210,Tangent,2409.57416255,10/24/2017,2017,18139.2041150762,19210069.5108848,Tangent,ODOT,Incorporated City Limit Boundary,72600,FIPS,20170000,2412033,ODOT,42399.6937125
211,The Dalles,4441.47263658,10/24/2017,2017,58434.4487729991,36716056.0738671,The Dalles,ODOT,Incorporated City Limit Boundary,72950,FIPS,20170000,2412059,ODOT,134161.310565
212,Tigard,8135.07376165,10/24/2017,2017,85895.4731558317,66829472.2338538,Tigard,ODOT,Incorporated City Limit Boundary,73650,FIPS,20170000,2412069,ODOT,197768.313326
213,Tillamook,1188.73660079,10/24/2017,2017,32724.0388017069,9776340.82319927,Tillamook,ODOT,Incorporated City Limit Boundary,73700,FIPS,20170000,2412070,ODOT,75318.3033574
214,Toledo,1474.76379189,10/24/2017,2017,37418.8210349852,11786262.6131997,Toledo,ODOT,Incorporated City Limit Boundary,74000,FIPS,20170000,2412076,ODOT,87345.3862095
215,Troutdale,3857.5522942,10/24/2017,2017,38732.4407787923,31814058.8700089,Troutdale,ODOT,Incorporated City Limit Boundary,74850,FIPS,20170000,2412098,ODOT,89020.6810347
216,Tualatin,5218.85677081,10/24/2017,2017,63539.9913835718,42804072.3227375,Tualatin,ODOT,Incorporated City Limit Boundary,74950,FIPS,20170000,2412103,ODOT,146437.177531
217,Turner,932.686318767,10/24/2017,2017,16864.6353715795,7512389.26490298,Turner,ODOT,Incorporated City Limit Boundary,75150,FIPS,20170000,2412115,ODOT,39212.7449026
218,Ukiah,141.63752217,10/24/2017,2017,6616.98582955153,1152039.24145004,Ukiah,ODOT,Incorporated City Limit Boundary,75550,FIPS,20170000,2412126,ODOT,15317.3652139
219,Umatilla,3315.35531163,10/24/2017,2017,80554.6013946145,27700157.890248,Umatilla,ODOT,Incorporated City Limit Boundary,75650,FIPS,20170000,2412127,ODOT,183963.661759
220,Union,1599.50753283,10/24/2017,2017,17438.3252038127,13043131.9703727,Union,ODOT,Incorporated City Limit Boundary,75850,FIPS,20170000,2412129,ODOT,40298.1324717
221,Unity,410.791369656,10/24/2017,2017,12115.1990481976,3264066.5703789,Unity,ODOT,Incorporated City Limit Boundary,76250,FIPS,20170000,2412133,ODOT,28359.4965234
222,Vale,728.571100304,10/24/2017,2017,17312.48939322,5698906.79722151,Vale,ODOT,Incorporated City Limit Boundary,76600,FIPS,20170000,2412141,ODOT,40854.3579692
223,Veneta,1639.45507439,10/24/2017,2017,18374.8787007724,12851148.1894452,Veneta,ODOT,Incorporated City Limit Boundary,77050,FIPS,20170000,2412148,ODOT,43327.6517553
224,Vernonia,1064.69818104,10/24/2017,2017,22713.5750024669,8879856.4789869,Vernonia,ODOT,Incorporated City Limit Boundary,77250,FIPS,20170000,2412152,ODOT,51917.5859506
225,Waldport,1965.55932697,10/24/2017,2017,36044.3192695344,15601560.9687948,Waldport,ODOT,Incorporated City Limit Boundary,78000,FIPS,20170000,2412167,ODOT,84429.4240928
226,Wallowa,394.555618439,10/24/2017,2017,8178.53873706576,3257708.10257088,Wallowa,ODOT,Incorporated City Limit Boundary,78150,FIPS,20170000,2412172,ODOT,18788.4027177
227,Warrenton,11363.6436952,10/24/2017,2017,54490.4306399673,95806260.8943394,Warrenton,ODOT,Incorporated City Limit Boundary,78900,FIPS,20170000,2412184,ODOT,123865.32807
228,Wasco,647.91276002,10/24/2017,2017,9758.29460080836,5353517.11658852,Wasco,ODOT,Incorporated City Limit Boundary,78950,FIPS,20170000,2412186,ODOT,22406.4491051
229,Waterloo,78.6143058005,10/24/2017,2017,3178.50106192493,625620.706215,Waterloo,ODOT,Incorporated City Limit Boundary,79050,FIPS,20170000,2413454,ODOT,7434.71324054
230,West Linn,5186.92777074,10/24/2017,2017,45436.3771835778,42527108.3361445,West Linn,ODOT,Incorporated City Limit Boundary,80150,FIPS,20170000,2412224,ODOT,104727.911869
231,Westfir,200.490169425,10/24/2017,2017,9669.89106556034,1556388.32539895,Westfir,ODOT,Incorporated City Limit Boundary,79950,FIPS,20170000,2412234,ODOT,22934.027807
232,Weston,357.013358797,10/24/2017,2017,9810.9442048701,2972848.0476039,Weston,ODOT,Incorporated City Limit Boundary,80350,FIPS,20170000,2412241,ODOT,22429.6367297
233,Wheeler,328.295157392,10/24/2017,2017,11236.4486097376,2721609.77480161,Wheeler,ODOT,Incorporated City Limit Boundary,81300,FIPS,20170000,2412250,ODOT,25763.7174549
234,Willamina,606.204361596,10/24/2017,2017,14254.8694888867,4921231.81580103,Willamina,ODOT,Incorporated City Limit Boundary,82350,FIPS,20170000,2412264,ODOT,33027.0423273
235,Wilsonville,4853.71569561,10/24/2017,2017,45674.2114762064,39718417.0889468,Wilsonville,ODOT,Incorporated City Limit Boundary,82800,FIPS,20170000,2412277,ODOT,105375.280816
236,Winston,1737.69998312,10/24/2017,2017,39488.5656602335,13206124.9745092,Winston,ODOT,Incorporated City Limit Boundary,83400,FIPS,20170000,2412287,ODOT,94532.3073968
237,Wood Village,609.367295156,10/24/2017,2017,11806.8896328722,5025359.80094773,Wood Village,ODOT,Incorporated City Limit Boundary,83950,FIPS,20170000,2412294,ODOT,27136.8155701
238,Woodburn,3419.94187437,10/24/2017,2017,49820.7132486072,27829264.2345144,Woodburn,ODOT,Incorporated City Limit Boundary,83750,FIPS,20170000,2412296,ODOT,115288.50517
239,Yachats,591.067516703,10/24/2017,2017,16716.842980993,4674863.03009391,Yachats,ODOT,Incorporated City Limit Boundary,84200,FIPS,20170000,2412313,ODOT,39230.0430054
240,Yamhill,311.874273781,10/24/2017,2017,11357.093172088,2554732.45312342,Yamhill,ODOT,Incorporated City Limit Boundary,84250,FIPS,20170000,2412316,ODOT,26187.9020193
241,Yoncalla,417.436293853,10/24/2017,2017,13905.940912744,3223521.04957651,Yoncalla,ODOT,Incorporated City Limit Boundary,84600,FIPS,20170000,2412320,ODOT,33022.7107517
